% Model,Untitled.mph
% Version,COMSOL 6.3.0.290
% Date,"Sep 11 2026, 13:20"
% Dimension,2
% Nodes,21
% Expressions,16
% Description,"Temperature, Moisture"
% Length unit,m
% X,Y,T (1) @ t=0,C (1) @ t=0,T (1) @ t=100,C (1) @ t=100,T (1) @ t=300,C (1) @ t=300,T (1) @ t=600,C (1) @ t=600,T (1) @ t=900,C (1) @ t=900,T (1) @ t=1200,C (1) @ t=1200,T (1) @ t=1500,C (1) @ t=1500,T (1) @ t=1800,C (1) @ t=1800
0,5.0E-4,27.999999999999993,2.5499999999999994,28.00004919918382,2.55,28.040605314924246,2.55,28.45343076605954,2.5499999999999994,29.324292014407053,2.5499999999409906,30.542653659290032,2.549999980032378,31.99553255219406,2.5499993028223447,33.57514714039127,2.5499923704541536
0.001,5.0E-4,28.000000000000004,2.5500000000000003,28.000055505466296,2.5499999999999994,28.04145355445421,2.5500000000000003,28.45667604333493,2.5499999999999954,29.3296004209941,2.549999999840266,30.549295575030552,2.5499999626270866,32.00315108210016,2.5499989311604123,33.58300302485168,2.549989603405796
0.002,5.0E-4,27.999999999999993,2.55,28.000076388275083,2.5500000000000007,28.044029604964113,2.5500000000000007,28.466443617518024,2.5499999999999177,29.34555185166277,2.549999999062447,30.56924033720123,2.5499998702908404,32.02601815951838,2.549997309691069,33.60657290399514,2.549978815805901
0.003,5.0E-4,28,2.55,28.00011821180975,2.550000000000001,28.04842739538025,2.5500000000000007,28.482828469141673,2.549999999998739,29.37222442650452,2.549999994075696,30.602544812385037,2.549999498641375,32.06416789964765,2.5499923160681,33.64586378119768,2.549950689254608
0.004,5.0E-4,28,2.5500000000000003,28.000193263223803,2.5500000000000003,28.054803876062895,2.550000000000001,28.50598875627885,2.549999999982051,29.409747156369587,2.5499999639587987,30.649303538475017,2.5499980817003975,32.11765621939614,2.5499778441224166,33.700888469140395,2.5498824890296397
0.005,5.0E-4,28.000000000000004,2.5500000000000003,28.000322497867344,2.550000000000001,28.063379475348334,2.5500000000000003,28.536145592379775,2.5499999997689686,29.45829801790141,2.5499997953991955,30.70964819091377,2.5499929685770577,32.18655932615606,2.549937736306953,33.77166731597992,2.5497237490483085
0.006,5.0E-4,27.999999999999993,2.55,28.000539837328333,2.55,28.074438685596856,2.5499999999999985,28.57358289374485,2.54999999735944,29.5181011647053,2.549998930757904,30.78374664193547,2.549975637580236,32.27097148044559,2.549831832771568,33.85823064014829,2.549368779111069
0.007,5.0E-4,28,2.55,28.000898463603694,2.55,28.088330835913517,2.5499999999999523,28.618647394774477,2.549999973512245,29.589423229446645,2.54999489085573,30.87180150060248,2.5499207342187424,32.37100191070558,2.549566438187645,33.96062183323231,2.548608045763313
0.008,5.0E-4,28.000000000000004,2.5500000000000003,28.001479631295094,2.5500000000000003,28.10547116875815,2.5499999999982985,28.671748741463393,2.549999768698496,29.672568634101587,2.5499777629737577,30.974048029592293,2.5497586884406713,32.48677068056989,2.5489369365324444,34.0789009718077,2.547048959063085
0.009000000000000001,5.0E-4,28,2.5500000000000003,28.00240459002383,2.55,28.12634276633173,2.54999999994626,28.733359539579812,2.549998251043414,29.767874013686647,2.5499120220231686,31.090751548303906,2.5493139656116024,32.61840329517492,2.547526117171127,34.21314861302883,2.543997771930673
0.01,5.0E-4,28.000000000000004,2.5500000000000003,28.003850204730522,2.55,28.15150024245206,2.549999998535462,28.804014901350595,2.5499885852519726,29.8757019063856,2.549683888923268,31.222204570795647,2.5481803885297314,32.76602372443934,2.544541618691197,34.36346918049735,2.5383006399416383
0.011,5.0E-4,28,2.5500000000000003,28.00606880056321,2.55,28.18157674140098,2.5499999666020727,28.884310799786437,2.549935798593617,29.9964340068593,2.54896865502269,31.368724150219094,2.545498334937003,32.92974542776127,2.538585096470167,34.52999302793064,2.5281549225150957
0.012,5.0E-4,28.000000000000004,2.5500000000000003,28.009412684034857,2.549999999999993,28.217296547928836,2.549999384196766,28.97490057655764,2.5496888667491255,30.130464423770597,2.54694301344529,31.53065011186183,2.539608196886941,33.109659863385815,2.5273684406956676,34.71287598518312,2.5109199314278383
0.013000000000000001,5.0E-4,28.000000000000004,2.5500000000000003,28.014363635041505,2.5499999999981933,28.259496103970168,2.549991121831142,29.0764894545295,2.5486994890894783,30.27819339124013,2.541758337042731,31.708344868643106,2.527595116705929,33.30582187678828,2.5074277706223347,34.91229505202009,2.4829745908123972
0.014,5.0E-4,27.999999999999996,2.55,28.021567565026533,2.54999999962137,28.309156278054047,2.5499026298537637,29.189828427744835,2.545301311833958,30.440021948838183,2.529751806057976,31.90219530301284,2.5048144335986713,33.5182314466124,2.4739214030576333,35.128439198136384,2.439677327782292
0.015,5.0E-4,28,2.5500000000000003,28.0318743736828,2.5499999408413117,28.36744724818456,2.549200252002701,29.31571065884086,2.5352764599846247,30.616348183774644,2.50454364806267,32.112616309032035,2.464569578496372,33.746811670583796,2.4206115039200835,35.36149511283901,2.3754707638080164
0.016,5.0E-4,27.999999999999993,2.549999999999958,28.046382512255786,2.549994109477551,28.435782955654798,2.5450942957025204,29.454973297837494,2.509785777519653,30.807566025852257,2.4564047239286704,32.340053478823755,2.3981454662638284,33.9913839423024,2.3400962076760528,35.61162917136583,2.284132609697704
0.017,5.0E-4,28.000000000000004,2.5499999999939127,28.066486002463627,2.5496979786506118,28.515872658592105,2.5273441792505036,29.608501955042343,2.453599674204828,31.014068718234146,2.3723966017416305,32.58497848415299,2.2953142892695007,34.251643472613814,2.2242640213119143,35.87896808062921,2.1591000645193783
0.018000000000000002,5.0E-4,28.000000000000043,2.549999998610451,28.09391713010489,2.543344942692081,28.60974018813742,2.46990238383921,29.777224935463845,2.345326402626735,31.236261424696966,2.237549441028128,32.847865300487435,2.1451906515864527,34.52714228247819,2.064776423903192,36.16357972318744,1.9936743592145747
0.019,5.0E-4,28.00000000004158,2.5499993851346687,28.130771611205432,2.485884668384463,28.71965749119218,2.3278418421515985,29.962093058207937,2.1606776112274417,31.47459138977945,2.03662558339043,33.12913218806456,1.9368878924941062,34.81729305627208,1.8530878632144898,36.46544982148899,1.7806634407270427
0.02,5.0E-4,28.00000002464022,2.5497643074401792,28.179501448843144,2.247025115174202,28.847914954757577,2.0508408914934275,30.16413292765768,1.8769621433936439,31.729607445979177,1.754713235588552,33.429040141368766,1.6585555949692499,35.121416710138604,1.5787192381402115,36.78443720651566,1.510231220780687
